{"ENTITY_ID":8,"tables":[{"id":"b3376861-31e4-4209-9eb7-b350afc0365a","position":{"x":143,"y":107},"data":{"table_name":"Person","fields":[{"fieldName":"id","fieldType":3,"isPK":true,"isNotNull":false,"isUnique":false,"defaultValue":"","args":"","isAutoIncrement":true},{"fieldName":"username","fieldType":10,"isPK":false,"isNotNull":true,"isUnique":true,"defaultValue":"","args":["512"],"isAutoIncrement":false},{"fieldName":"password","fieldType":10,"isPK":false,"isNotNull":true,"isUnique":false,"defaultValue":"","args":["512"],"isAutoIncrement":false},{"fieldName":"email","fieldType":10,"isPK":false,"isNotNull":true,"isUnique":false,"defaultValue":"","args":["512"],"isAutoIncrement":false},{"fieldName":"banned","fieldType":0,"isPK":false,"isNotNull":true,"isUnique":false,"defaultValue":"false","args":[1,1],"isAutoIncrement":false}],"next_id":6,"checkName":[],"checkCondition":[]}},{"id":"7a57788b-4f52-44fb-9d55-5e753a420918","position":{"x":468,"y":-26},"data":{"table_name":"Licitation","fields":[{"fieldName":"id","fieldType":3,"isPK":true,"isNotNull":false,"isUnique":false,"defaultValue":"","args":"","isAutoIncrement":true},{"fieldName":"price","fieldType":4,"isPK":false,"isNotNull":true,"isUnique":false,"defaultValue":"","args":["8"],"isAutoIncrement":false},{"fieldName":"valid","fieldType":0,"isPK":false,"isNotNull":true,"isUnique":false,"defaultValue":"true","args":[1,1],"isAutoIncrement":false}],"next_id":4,"checkName":[],"checkCondition":[]}},{"id":"7e063297-220c-4942-9f65-782ec18de3d5","position":{"x":798,"y":107},"data":{"table_name":"Auction","fields":[{"fieldName":"id","fieldType":3,"isPK":true,"isNotNull":false,"isUnique":false,"defaultValue":"","args":[1,1],"isAutoIncrement":true},{"fieldName":"item","fieldType":3,"isPK":false,"isNotNull":true,"isUnique":false,"defaultValue":"","args":"","isAutoIncrement":false},{"fieldName":"min_price","fieldType":4,"isPK":false,"isNotNull":true,"isUnique":false,"defaultValue":"0","args":["8"],"isAutoIncrement":false},{"fieldName":"end_date","fieldType":8,"isPK":false,"isNotNull":true,"isUnique":false,"defaultValue":"","args":"","isAutoIncrement":false},{"fieldName":"cancelled","fieldType":0,"isPK":false,"isNotNull":true,"isUnique":false,"defaultValue":"false","args":[1,1],"isAutoIncrement":false}],"next_id":9,"checkName":[],"checkCondition":[]}},{"id":"7ebf726b-11c7-40f8-952a-7ef02e92cd9c","position":{"x":-40,"y":399},"data":{"table_name":"Users","fields":[],"next_id":1,"checkName":[],"checkCondition":[]}},{"id":"4f9e0fed-5659-4946-99cc-017a9f4c3857","position":{"x":293,"y":401},"data":{"table_name":"Administrator","fields":[],"next_id":1,"checkName":[],"checkCondition":[]}},{"id":"814e926e-44d5-44e3-b047-9e4edb7e0f01","position":{"x":471,"y":280},"data":{"table_name":"Message","fields":[{"fieldName":"id","fieldType":3,"isPK":true,"isNotNull":false,"isUnique":false,"defaultValue":"","args":[1,1],"isAutoIncrement":true},{"fieldName":"content","fieldType":10,"isPK":false,"isNotNull":true,"isUnique":false,"defaultValue":"","args":["512"],"isAutoIncrement":false},{"fieldName":"time_date","fieldType":8,"isPK":false,"isNotNull":true,"isUnique":false,"defaultValue":"","args":"","isAutoIncrement":false}],"next_id":4,"checkName":[],"checkCondition":[]}},{"id":"722d7678-3008-4b04-b21f-6468f621fe96","position":{"x":981,"y":345},"data":{"table_name":"Information","fields":[{"fieldName":"reference","fieldType":3,"isPK":true,"isNotNull":false,"isUnique":false,"defaultValue":"","args":"","isAutoIncrement":true},{"fieldName":"title","fieldType":10,"isPK":false,"isNotNull":true,"isUnique":false,"defaultValue":"","args":["512"],"isAutoIncrement":false},{"fieldName":"item_description","fieldType":10,"isPK":false,"isNotNull":true,"isUnique":false,"defaultValue":"","args":["512"],"isAutoIncrement":false},{"fieldName":"auction_description","fieldType":10,"isPK":false,"isNotNull":true,"isUnique":false,"defaultValue":"","args":["512"],"isAutoIncrement":false},{"fieldName":"time_date","fieldType":8,"isPK":false,"isNotNull":true,"isUnique":false,"defaultValue":"","args":"","isAutoIncrement":false}],"next_id":7,"checkName":[],"checkCondition":[]}},{"id":"6b6af1aa-124c-4869-a884-de8f6b9a6450","position":{"x":-270,"y":119},"data":{"table_name":"Notification","fields":[{"fieldName":"id","fieldType":3,"isPK":true,"isNotNull":false,"isUnique":false,"defaultValue":"","args":"","isAutoIncrement":true},{"fieldName":"content","fieldType":10,"isPK":false,"isNotNull":true,"isUnique":false,"defaultValue":"","args":["512"],"isAutoIncrement":false},{"fieldName":"time_date","fieldType":8,"isPK":false,"isNotNull":true,"isUnique":false,"defaultValue":"","args":"","isAutoIncrement":false}],"next_id":6,"checkName":[],"checkCondition":[]}},{"id":"709554f8-bb24-49a3-8e64-ccc08bb3a507","position":{"x":-82,"y":-74},"data":{"table_name":"InboxMessages","fields":[{"fieldName":"was_read","fieldType":0,"isPK":false,"isNotNull":true,"isUnique":false,"defaultValue":"false","args":"","isAutoIncrement":false}],"next_id":1,"checkName":[],"checkCondition":[]}}],"links":[{"source":"b3376861-31e4-4209-9eb7-b350afc0365a","target":"7a57788b-4f52-44fb-9d55-5e753a420918","order":"normal","sourceCard":"1:1","targetCard":"0:n","label":"bid_by","hierType":null,"sourceisweak":false,"targetisweak":false},{"source":"7a57788b-4f52-44fb-9d55-5e753a420918","target":"7e063297-220c-4942-9f65-782ec18de3d5","order":"normal","sourceCard":"0:n","targetCard":"1:1","label":"associated_to","hierType":null,"sourceisweak":false,"targetisweak":false},{"source":"7ebf726b-11c7-40f8-952a-7ef02e92cd9c","target":"b3376861-31e4-4209-9eb7-b350afc0365a","order":"parenting","sourceCard":"0:1","targetCard":"0:1","label":"complete","hierType":"complete","sourceisweak":false,"targetisweak":false},{"source":"4f9e0fed-5659-4946-99cc-017a9f4c3857","target":"b3376861-31e4-4209-9eb7-b350afc0365a","order":"parenting","sourceCard":"0:1","targetCard":"0:1","label":"complete","hierType":"complete","sourceisweak":false,"targetisweak":false},{"source":"b3376861-31e4-4209-9eb7-b350afc0365a","target":"7e063297-220c-4942-9f65-782ec18de3d5","order":"normal","sourceCard":"1:1","targetCard":"0:n","label":"created_by","hierType":null,"sourceisweak":false,"targetisweak":false},{"source":"7e063297-220c-4942-9f65-782ec18de3d5","target":"814e926e-44d5-44e3-b047-9e4edb7e0f01","order":"normal","sourceCard":"1:1","targetCard":"0:n","label":"concerning","hierType":null,"sourceisweak":false,"targetisweak":false},{"source":"b3376861-31e4-4209-9eb7-b350afc0365a","target":"814e926e-44d5-44e3-b047-9e4edb7e0f01","order":"normal","sourceCard":"1:1","targetCard":"0:n","label":"created_by","hierType":null,"sourceisweak":false,"targetisweak":false},{"source":"7e063297-220c-4942-9f65-782ec18de3d5","target":"722d7678-3008-4b04-b21f-6468f621fe96","order":"normal","sourceCard":"1:1","targetCard":"1:n","label":"concerning","hierType":null,"sourceisweak":false,"targetisweak":false},{"source":"709554f8-bb24-49a3-8e64-ccc08bb3a507","target":"b3376861-31e4-4209-9eb7-b350afc0365a","order":"normal","sourceCard":"0:n","targetCard":"1:1","label":"addressed_to","hierType":null,"sourceisweak":true,"targetisweak":false},{"source":"6b6af1aa-124c-4869-a884-de8f6b9a6450","target":"709554f8-bb24-49a3-8e64-ccc08bb3a507","order":"normal","sourceCard":"1:1","targetCard":"1:n","label":"has","hierType":null,"sourceisweak":false,"targetisweak":true}],"normalization":1,"database":0}