{"ENTITY_ID":7,"tables":[{"id":"f046e9dc-9988-4ec9-a131-a8b49535c666","position":{"x":143,"y":107},"data":{"table_name":"Person","fields":[{"fieldName":"id","fieldType":3,"isPK":true,"isNotNull":false,"isUnique":false,"defaultValue":"","args":"","isAutoIncrement":true},{"fieldName":"username","fieldType":10,"isPK":false,"isNotNull":true,"isUnique":false,"defaultValue":"","args":["512"],"isAutoIncrement":false},{"fieldName":"password","fieldType":10,"isPK":false,"isNotNull":true,"isUnique":false,"defaultValue":"","args":["512"],"isAutoIncrement":false},{"fieldName":"email","fieldType":10,"isPK":false,"isNotNull":true,"isUnique":false,"defaultValue":"","args":["512"],"isAutoIncrement":false},{"fieldName":"banned","fieldType":0,"isPK":false,"isNotNull":true,"isUnique":false,"defaultValue":"false","args":[1,1],"isAutoIncrement":false}],"next_id":6,"checkName":[],"checkCondition":[]}},{"id":"b1d77a84-49c6-41be-903d-5e15d60a9c19","position":{"x":429,"y":-20},"data":{"table_name":"Licitation","fields":[{"fieldName":"price","fieldType":4,"isPK":false,"isNotNull":true,"isUnique":false,"defaultValue":"","args":["8"],"isAutoIncrement":false},{"fieldName":"valid","fieldType":0,"isPK":false,"isNotNull":true,"isUnique":false,"defaultValue":"true","args":[1,1],"isAutoIncrement":false}],"next_id":3,"checkName":[],"checkCondition":[]}},{"id":"88c723f4-9cf5-4962-b3d3-03028ff05feb","position":{"x":767,"y":106},"data":{"table_name":"Auction","fields":[{"fieldName":"id","fieldType":3,"isPK":true,"isNotNull":false,"isUnique":false,"defaultValue":"","args":[1,1],"isAutoIncrement":true},{"fieldName":"item","fieldType":3,"isPK":false,"isNotNull":true,"isUnique":false,"defaultValue":"","args":"","isAutoIncrement":false},{"fieldName":"min_price","fieldType":4,"isPK":false,"isNotNull":true,"isUnique":false,"defaultValue":"0","args":["8"],"isAutoIncrement":false},{"fieldName":"end_date","fieldType":8,"isPK":false,"isNotNull":true,"isUnique":false,"defaultValue":"","args":"","isAutoIncrement":false},{"fieldName":"cancelled","fieldType":0,"isPK":false,"isNotNull":true,"isUnique":false,"defaultValue":"false","args":[1,1],"isAutoIncrement":false}],"next_id":9,"checkName":[],"checkCondition":[]}},{"id":"5b4e804d-685c-46ce-b5ca-e14e256123c6","position":{"x":-32,"y":381},"data":{"table_name":"User","fields":[],"next_id":1,"checkName":[],"checkCondition":[]}},{"id":"aeec98f6-b825-4d80-b24d-f33f6fb0db2a","position":{"x":286,"y":381},"data":{"table_name":"Administrator","fields":[],"next_id":1,"checkName":[],"checkCondition":[]}},{"id":"ac43a3ab-5010-4a94-b1a5-f33e437f95b1","position":{"x":536,"y":278},"data":{"table_name":"Message","fields":[{"fieldName":"id","fieldType":3,"isPK":true,"isNotNull":false,"isUnique":false,"defaultValue":"","args":[1,1],"isAutoIncrement":true},{"fieldName":"content","fieldType":11,"isPK":false,"isNotNull":true,"isUnique":false,"defaultValue":"","args":["512"],"isAutoIncrement":false},{"fieldName":"time_date","fieldType":8,"isPK":false,"isNotNull":true,"isUnique":false,"defaultValue":"","args":"","isAutoIncrement":false}],"next_id":4,"checkName":[],"checkCondition":[]}},{"id":"c2d7a358-0e99-4104-88fd-1e321c71f568","position":{"x":980,"y":344},"data":{"table_name":"Information","fields":[{"fieldName":"reference","fieldType":3,"isPK":true,"isNotNull":false,"isUnique":false,"defaultValue":"","args":"","isAutoIncrement":true},{"fieldName":"title","fieldType":10,"isPK":false,"isNotNull":true,"isUnique":false,"defaultValue":"","args":["512"],"isAutoIncrement":false},{"fieldName":"description","fieldType":11,"isPK":false,"isNotNull":true,"isUnique":false,"defaultValue":"","args":["512"],"isAutoIncrement":false}],"next_id":4,"checkName":[],"checkCondition":[]}},{"id":"e60ff0e8-0073-4081-a109-d4d0a14a98fe","position":{"x":-126,"y":-15},"data":{"table_name":"Notification","fields":[{"fieldName":"id","fieldType":3,"isPK":true,"isNotNull":false,"isUnique":false,"defaultValue":"","args":"","isAutoIncrement":true},{"fieldName":"content","fieldType":11,"isPK":false,"isNotNull":true,"isUnique":false,"defaultValue":"","args":["512"],"isAutoIncrement":false},{"fieldName":"time_date","fieldType":8,"isPK":false,"isNotNull":true,"isUnique":false,"defaultValue":"","args":"","isAutoIncrement":false},{"fieldName":"was_read","fieldType":0,"isPK":false,"isNotNull":true,"isUnique":false,"defaultValue":"false","args":[1,1],"isAutoIncrement":false}],"next_id":6,"checkName":[],"checkCondition":[]}}],"links":[{"source":"f046e9dc-9988-4ec9-a131-a8b49535c666","target":"b1d77a84-49c6-41be-903d-5e15d60a9c19","order":"normal","sourceCard":"1:1","targetCard":"0:n","label":"bid_by","hierType":null,"sourceisweak":false,"targetisweak":true},{"source":"b1d77a84-49c6-41be-903d-5e15d60a9c19","target":"88c723f4-9cf5-4962-b3d3-03028ff05feb","order":"normal","sourceCard":"0:n","targetCard":"1:1","label":"associated_to","hierType":null,"sourceisweak":true,"targetisweak":false},{"source":"5b4e804d-685c-46ce-b5ca-e14e256123c6","target":"f046e9dc-9988-4ec9-a131-a8b49535c666","order":"parenting","sourceCard":"0:1","targetCard":"0:1","label":"concrete","hierType":"concrete","sourceisweak":false,"targetisweak":false},{"source":"aeec98f6-b825-4d80-b24d-f33f6fb0db2a","target":"f046e9dc-9988-4ec9-a131-a8b49535c666","order":"parenting","sourceCard":"0:1","targetCard":"0:1","label":"concrete","hierType":"concrete","sourceisweak":false,"targetisweak":false},{"source":"f046e9dc-9988-4ec9-a131-a8b49535c666","target":"88c723f4-9cf5-4962-b3d3-03028ff05feb","order":"normal","sourceCard":"1:1","targetCard":"0:n","label":"created_by","hierType":null,"sourceisweak":false,"targetisweak":false},{"source":"88c723f4-9cf5-4962-b3d3-03028ff05feb","target":"ac43a3ab-5010-4a94-b1a5-f33e437f95b1","order":"normal","sourceCard":"1:1","targetCard":"0:n","label":"concerning","hierType":null,"sourceisweak":false,"targetisweak":false},{"source":"f046e9dc-9988-4ec9-a131-a8b49535c666","target":"ac43a3ab-5010-4a94-b1a5-f33e437f95b1","order":"normal","sourceCard":"1:1","targetCard":"0:n","label":"created_by","hierType":null,"sourceisweak":false,"targetisweak":false},{"source":"88c723f4-9cf5-4962-b3d3-03028ff05feb","target":"c2d7a358-0e99-4104-88fd-1e321c71f568","order":"normal","sourceCard":"1:1","targetCard":"1:n","label":"concerning","hierType":null,"sourceisweak":false,"targetisweak":false},{"source":"e60ff0e8-0073-4081-a109-d4d0a14a98fe","target":"f046e9dc-9988-4ec9-a131-a8b49535c666","order":"normal","sourceCard":"0:n","targetCard":"1:n","label":"has","hierType":null,"sourceisweak":false,"targetisweak":false}],"normalization":1,"database":0}